deckId,medalId,keepPriority,mulliganPriority,desiredEarlyCount,comboGroup,corePiece,earlyRole,earlyPlan
HolyKnight,T17,30,0,2,forge,true,enabler,forge
HolyKnight,T18,28,0,1,forge,true,payoff,forge
HolyKnight,T19,24,0,1,lock,false,curve,forge
HolyKnight,T20,22,0,1,lock,true,payoff,forge
HolyKnight,T21,30,0,1,lock,true,enabler,forge
HolyKnight,T07,26,0,1,lock,true,enabler,forge
HolyKnight,T32,26,0,1,lock,false,curve,forge
HolyKnight,T31,20,2,0,forge,false,enabler,forge
HolyKnight,LT4,38,0,0,forge,true,payoff,forge
Guardian,T24,40,0,1,poly,true,enabler,poly
Guardian,W21,26,0,1,poly,false,enabler,poly
Guardian,W22,24,0,1,poly,false,enabler,poly
Guardian,T25,22,0,1,poly,false,enabler,poly
Guardian,T19,20,0,1,,false,curve,poly
Guardian,T21,14,2,0,,false,generic,poly
Guardian,T20,12,4,0,,false,generic,poly
Guardian,T22,10,4,0,,false,generic,poly
Guardian,LT5,24,0,0,poly,false,payoff,poly
Guardian,LT6,22,0,0,poly,false,payoff,poly
Guardian,LT7,22,0,0,poly,false,payoff,poly
Guardian,LT8,30,0,0,poly,true,payoff,poly
Priest,T31,40,0,2,awaken,true,enabler,awaken
Priest,T26,34,0,2,awaken,true,curve,awaken
Priest,T27,36,0,1,lock,true,enabler,awaken
Priest,T29,30,0,1,lock,true,payoff,awaken
Priest,T30,24,8,1,lock,false,payoff,awaken
Priest,T28,20,0,1,lock,false,curve,awaken
Priest,T02,24,0,1,lock,false,curve,awaken
Priest,CMD10,16,4,0,awaken,false,generic,awaken
Priest,CMD08,18,0,0,awaken,false,enabler,awaken
Priest,LT9,38,0,0,,true,payoff,awaken
Forge,A17,38,0,2,forge,true,enabler,forge
Forge,A18,32,0,2,forge,true,curve,forge
Forge,A01,34,0,1,forge,true,payoff,forge
Forge,A03,26,0,1,forge,false,curve,forge
Forge,A04,24,0,1,forge,false,curve,forge
Forge,A19,18,4,0,forge,false,generic,forge
Forge,W10,16,4,0,,false,generic,forge
Forge,CMD09,10,6,0,,false,generic,forge
Forge,LA4,38,0,0,forge,true,payoff,forge
Factory,A20,38,0,2,move,true,enabler,move
Factory,A21,30,0,1,move,true,payoff,move
Factory,A22,28,0,1,move,true,enabler,move
Factory,A16,30,0,1,summon,true,curve,move
Factory,W13,22,0,1,,false,curve,move
Factory,A03,24,0,1,move,false,curve,move
Factory,A23,18,4,0,,false,generic,move
Factory,A24,14,4,0,,false,generic,move
Factory,A25,12,6,0,summon,false,generic,move
Factory,A26,14,4,0,,false,generic,move
Factory,LA5,38,0,0,move,true,payoff,move
Factory,LA6,34,0,0,move,true,payoff,move
Factory,A39,22,2,1,move,false,enabler,move
Factory,A40,24,2,1,move,false,enabler,move
Math,A30,34,0,2,deduce,true,enabler,deduce
Math,A31,32,0,2,deduce,true,enabler,deduce
Math,A27,36,0,1,deduce,true,curve,deduce
Math,A33,38,0,1,reroll,true,payoff,deduce
Math,A34,28,0,1,reroll,false,curve,deduce
Math,A28,26,2,1,deduce,false,payoff,deduce
Math,A32,22,2,1,deduce,false,curve,deduce
Math,A35,24,4,0,reroll,false,payoff,deduce
Math,A36,20,4,0,deduce,false,payoff,deduce
Math,A38,18,6,0,reroll,false,generic,deduce
Math,A29,16,4,0,reroll,false,generic,deduce
Math,A37,14,6,0,reroll,false,generic,deduce
Math,LA7,38,0,0,,true,payoff,deduce
Math,A41,24,2,1,deduce,false,enabler,deduce
Math,A42,18,4,0,deduce,false,generic,deduce
Sacrifice,C23,40,0,2,offer,true,curve,offer
Sacrifice,C16,36,0,2,offer,true,enabler,offer
Sacrifice,C01,34,0,1,offer,true,curve,offer
Sacrifice,C24,24,4,0,offer,false,payoff,offer
Sacrifice,C22,20,4,0,curse,false,generic,offer
Sacrifice,C25,26,6,1,offer,false,payoff,offer
Sacrifice,C26,22,4,1,offer,false,enabler,offer
Sacrifice,LC4,38,0,0,offer,true,payoff,offer
Sacrifice,LC5,30,2,0,offer,false,payoff,offer
Demon,C17,44,0,2,self,true,curve,aggro
Demon,C18,30,0,1,self,true,enabler,aggro
Demon,C19,32,0,1,self,true,curve,aggro
Demon,C21,30,2,1,self,true,payoff,aggro
Demon,C20,26,6,1,self,false,payoff,aggro
Demon,C22,20,4,0,curse,false,generic,aggro
Demon,C10,18,14,1,self,false,payoff,aggro
Demon,LC2,38,0,0,self,true,payoff,aggro
Seed,C29,36,0,2,zero,true,curve,zero
Seed,C27,30,0,1,zero,true,enabler,zero
Seed,C28,32,0,1,zero,true,enabler,zero
Seed,C11,30,0,1,awaken,true,curve,zero
Seed,C07,30,0,1,zero,true,payoff,zero
Seed,C08,24,4,1,zero,false,payoff,zero
Seed,C30,26,4,0,zero,false,payoff,zero
Seed,C31,18,6,0,zero,false,generic,zero
Seed,C12,22,2,1,awaken,false,curve,zero
Seed,CMD08,16,4,0,awaken,false,generic,zero
Seed,LC3,38,0,0,zero,true,payoff,zero
Merchant,F31,36,0,2,coin,true,curve,market
Merchant,F40,30,0,2,market,true,enabler,market
Merchant,F47,30,0,2,market,true,curve,market
Merchant,F45,24,2,1,coin,false,enabler,market
Merchant,F46,26,2,1,coin,false,payoff,market
Merchant,F42,22,2,1,coin,false,enabler,market
Merchant,F43,20,4,0,market,false,payoff,market
Merchant,F44,16,4,0,market,false,generic,market
Merchant,F48,22,4,0,market,false,payoff,market
Merchant,F49,14,4,0,coin,false,generic,market
Merchant,F54,20,2,1,market,false,generic,market
Merchant,F30,18,4,0,coin,false,generic,market
Merchant,LF5,38,0,0,coin,true,payoff,market
Assassin,F08,36,0,2,poison,true,curve,poison
Assassin,F16,34,0,2,poison,true,curve,poison
Assassin,F17,26,2,1,poison,false,enabler,poison
Assassin,F18,22,2,0,trap,false,enabler,poison
Assassin,F19,16,4,0,trap,false,payoff,poison
Assassin,F20,18,4,0,trap,false,payoff,poison
Assassin,F21,24,4,1,poison,false,payoff,poison
Assassin,F07,20,4,0,trap,false,generic,poison
Assassin,F22,20,4,0,poison,false,generic,poison
Assassin,LF2,30,2,0,trap,false,payoff,poison
Assassin,LF4,38,0,0,poison,true,payoff,poison
Assassin,F50,24,2,1,poison,false,payoff,poison
Assassin,F51,22,2,0,trap,false,enabler,poison
Gambler,F31,36,0,2,coin,true,curve,coin
Gambler,F28,26,2,1,coin,true,enabler,coin
Gambler,F29,26,2,1,coin,true,enabler,coin
Gambler,F30,18,4,0,coin,false,generic,coin
Gambler,F32,28,0,1,coin,false,curve,coin
Gambler,F33,20,4,0,coin,false,payoff,coin
Gambler,F34,18,4,0,coin,false,payoff,coin
Gambler,F35,30,0,1,coin,true,payoff,coin
Gambler,F36,24,2,0,coin,false,payoff,coin
Gambler,F37,26,2,1,coin,false,payoff,coin
Gambler,LF3,38,0,0,coin,true,payoff,coin
Gambler,F55,16,4,0,coin,false,generic,coin
Gambler,F53,22,2,1,coin,false,payoff,coin
CommandControl,CMD01,28,0,1,command,true,enabler,command
CommandControl,CMD02,16,10,1,command,false,enabler,command
CommandControl,CMD05,14,12,1,command,false,payoff,command
CommandControl,CMD07,26,0,1,lock,true,enabler,command
CommandControl,W01,22,0,1,,false,curve,command
CommandControl,W02,20,0,1,,false,curve,command
CommandControl,W04,22,0,1,,false,curve,command
CommandControl,W05,22,0,1,,false,curve,command
CommandControl,W13,26,0,1,,false,enabler,command
CommandControl,W19,12,8,1,,false,generic,command
CommandControl,T02,30,0,1,lock,true,enabler,command
CommandControl,T11,28,0,1,,false,enabler,command
Meikun,O01,30,0,2,omega,true,curve,curse
Meikun,O02,20,2,1,omega,false,enabler,curse
Meikun,O03,22,2,1,copy,false,enabler,curse
Meikun,O04,26,0,1,omega,true,enabler,curse
Meikun,O05,28,0,1,curse,true,payoff,curse
Meikun,O06,24,2,1,curse,false,payoff,curse
Meikun,O07,22,2,0,curse,false,payoff,curse
Meikun,W01,26,0,1,,false,curve,curse
Meikun,O08,14,4,0,copy,false,generic,curse
Meikun,O09,18,4,0,curse,false,payoff,curse
Meikun,LO1,38,0,0,curse,true,payoff,curse
Al,W01,30,0,1,,true,curve,basics
Al,W02,22,0,1,,false,curve,basics
Al,W03,22,0,1,,false,curve,basics
Al,W04,22,0,1,,false,curve,basics
Al,W06,20,2,0,,false,generic,basics
Al,W20,20,2,0,,false,generic,basics
Al,W13,22,0,1,,false,curve,basics
Al,CMD08,14,4,0,,false,generic,basics
Al,CMD09,14,4,0,,false,generic,basics
Al,CMD07,16,4,0,,false,generic,basics
Al,W25,20,2,0,,false,generic,basics
Al,W26,24,0,1,,false,curve,basics
Al,W27,10,6,0,,false,generic,basics
Al,O11,20,2,0,alpha,false,enabler,basics
Al,O10,24,0,1,alpha,false,curve,basics
Al,LO2,38,0,0,alpha,true,payoff,basics
AlAwakened,O10,30,0,2,alpha,true,curve,alpha
AlAwakened,O11,22,2,1,alpha,false,enabler,alpha
AlAwakened,O12,28,0,2,omega,true,curve,alpha
AlAwakened,O13,22,2,0,alpha,false,payoff,alpha
AlAwakened,O14,24,2,1,copy,false,enabler,alpha
AlAwakened,O04,24,0,1,alpha,false,enabler,alpha
AlAwakened,W20,18,2,0,,false,generic,alpha
AlAwakened,W04,20,2,0,,false,generic,alpha
AlAwakened,W26,24,0,1,,false,curve,alpha
AlAwakened,LO3,38,0,0,alpha,true,payoff,alpha
AlAwakened,O15,20,2,0,alpha,false,payoff,alpha
AlAwakened,O16,12,6,0,alpha,false,payoff,alpha
Nyargona,O17,30,0,2,strike,true,curve,replay
Nyargona,O18,22,2,1,once,false,enabler,replay
Nyargona,O19,22,2,1,replay,false,payoff,replay
Nyargona,O20,14,4,0,replay,false,generic,replay
Nyargona,O21,18,2,1,shard,false,enabler,replay
Nyargona,O22,20,2,1,shard,false,payoff,replay
Nyargona,O23,22,2,1,copy,false,enabler,replay
Nyargona,O24,14,4,0,omega,false,payoff,replay
Nyargona,LO4,38,0,0,replay,true,payoff,replay
MeikunPast,T36,24,2,1,awaken,false,enabler,awaken
MeikunPast,T37,30,0,2,awaken,true,curve,awaken
MeikunPast,T38,16,4,0,awaken,false,payoff,awaken
MeikunPast,T39,16,4,0,awaken,false,payoff,awaken
MeikunPast,T40,28,0,2,awaken,true,curve,awaken
MeikunPast,T41,20,2,1,awaken,false,payoff,awaken
MeikunPast,T31,24,2,1,awaken,false,enabler,awaken
MeikunPast,T26,22,2,1,awaken,false,curve,awaken
MeikunPast,CMD10,12,4,0,awaken,false,generic,awaken
MeikunPast,T35,12,4,0,,false,generic,awaken
MeikunPast,LT10,38,0,0,awaken,true,payoff,awaken
